Ref,LEA_Name,QA_Mil_Equip_Policy,QA Mil_Equip_Inventory (if separate)
SB978-703,Baldwin Park Police Department,https://www.baldwinpark.com/public-notices/2914-bppd-military-equipment-policy-706/file,
SB978-705,Bishop Police Department,https://www.cityofbishop.com/Document%20Center/Department/Police/Information/Ordinance%20No.%20575%20AB%20481%20Military%20Equipment%20Use%20Policy%20w.attachments%20EXECUTED%202022%2003%2028.pdf,
SB978-718,Corning Police Department,https://www.corning.org/documents/military-equipment-policy/,
SB978-719,Crescent City Police Department,https://www.crescentcity.org/media/Police/RELEASE_20220811_T170935_Crescent_City__Police_Department_Manual.pdf,
SB978-722,CSU Stanislaus University Police Department,https://www.csustan.edu/sites/default/files/groups/University%20Police%20Department/documents/stanislaus-state-pd-policy-manual-2022.pdf,
SB978-725,Fontana Unified School District Police Department,https://www.fusd.net/cms/lib/CA50000190/Centricity/Domain/245/Military%20Equipment.pdf,
SB978-726,Foothill De-Anza Community College District Police Department,https://police.fhda.edu/_resources-top-menu/FHDAPD%20Policy%20706%20Military%20Equipment%20DRAFT.pdf,
SB978-727,Fulton-El Camino Park Police Department,https://www.fecrpd.com/files/ad6db496c/FEPD+Public+Notice+Policy+8701-Military+Equipment.pdf,
SB978-731,Imperial County Sheriff's Department,https://icso.imperialcounty.org/wp-content/uploads/2022/05/AB-481.pdf,
SB978-734,Lake Shastina District Police Department,https://www.lakeshastina.com/Docs_PDFs/CSD%20Notices/Military%20Equipment%20Use%20-%20Copy.pdf,
SB978-735,Lathrop Police Department,https://leginfo.legislature.ca.gov/faces/billTextClient.xhtml?bill_id=202120220AB481,
SB978-737,Mariposa County Sheriff's Department,https://www.mariposacounty.org/DocumentCenter/View/91689,
SB978-740,Oakland City Housing Authority Police Department,http://www.oakha.org/OHA-PD/MilitaryEquipmentUse/Documents/Military_Equipment%20Policy.Draft.pdf,
SB978-741,Oakley Police Department,https://www.ci.oakley.ca.us/wp-content/uploads/2022/06/Military-Equipment-Policy.pdf,
SB978-747,Salinas Police Department,https://salinaspd.org/wp-content/uploads/2022/08/709-Military-Equipment-Addendum-A-8-18-22-1.pdf,
SB978-748,San Bernardino Community College District Police Department,,
SB978-750,San Carlos Police Department,https://www.smcsheriff.com/sites/default/files/resources_files/San%20Mateo%20County%20Sheriff%27s%20Office%20Lexipol%20Policy%20705%20Military%20Equipment_0.pdf,
SB978-757,Stallion Springs Police Department,https://www.stallionspringscsd.com/files/4165c9386/BOARD+PACKET+SEPT+2022.pdf,
SB978-760,Sutter Creek Police Department,,
SB978-761,Tulare County Probation Department,https://tularecoprobation.org/information-center/public-resources/public-notices/ab-481-military-equipment/military-equipment-policy/,
SB978-762,Tulelake Police Department,https://cityofsuttercreek.org/police/Sutter_Creek_PD_Policy_Manual.pdf,
SB978-001,Alameda County District Attorney,NA,
SB978-002,Alameda County Sheriff's Office,https://public.powerdms.com/ACSO3/documents/1021442,https://public.powerdms.com/ACSO3/documents/1021443
SB978-003,Alameda Police Department,https://www.alamedaca.gov/files/assets/public/departments/alameda/police/alamda-police-department-policy-manual-10102022.pdf,
SB978-004,Albany Police Department,https://www.albanyca.org/home/showpublisheddocument/50768,
SB978-005,Alhambra Police Department,https://www.cityofalhambra.org/DocumentCenter/View/3244/APD-Policy-706-Military-Equipment-draft---PDF,
SB978-008,Alpine County Sheriff's Department,NA,
SB978-009,Alturas Police Department,https://cms4files1.revize.com/alturas/2021%20Alturas%20PD%20Policy%20Manual.pdf,
SB978-011,Amador County Sheriff's Department,https://amadorsheriff.org/images/administration-div/Docs/Amador_CO_SO_CA_Policy_Manual_3_2022.pdf,
SB978-012,American River College Police Department,https://police.losrios.edu/lrpd/doc/policy-manual.pdf,
SB978-014,Anaheim Police Department,https://anaheim.net/DocumentCenter/View/44283/Military-Equipment-Policy-May-2022,
SB978-015,Anderson Police Department,https://5c939e29-1258-4f7d-8c66-e5109faca613.filesusr.com/ugd/3f9102_e5f42dfaeace4c65a4472088b6aacb49.docx?dn=AB%20481%20policy%203.2022.docx,
SB978-016,Angels Camp Police Department,http://angelscamp.gov/wp-content/uploads/Military_Equipment-10.pdf,
SB978-017,Antioch Police Department,https://www.antiochca.gov/fc/police/apd-policy-manual.pdf,
SB978-018,Apple Valley Unified School District Police Department,NA,
SB978-019,Arcadia Police Department,https://cms9files.revize.com/arcadia/Arcadia%20PD%20-%20Policy%20708%20Military%20Equipment-Final.pdf,
SB978-020,Arcata Police Department,https://www.cityofarcata.org/DocumentCenter/View/11850/Arcata-PD-Policy-Manual-04202022,
SB978-021,Arroyo Grande Police Department,https://www.agpd.org/DocumentCenter/View/10409/Assembly-Bill-481-Military-Equipment,
SB978-022,Arvin Police Department,NA,
SB978-023,Atascadero Police Department,https://www.atascadero.org/files/PD/Draft%20AB%20481%20Military%20Equipment%20Lexipol%20Based%20Policy.pdf,https://www.atascadero.org/files/PD/AB%20481%20Military%20Equipement%20List%20Attachement%20A%20Policy%20708.pdf
SB978-024,Atherton Police Department,https://www.ci.atherton.ca.us/DocumentCenter/View/9863/Lexipol-Policy-Manual-1-26-2022,
SB978-025,Atwater Police Department,https://www.atwater.org/wp-content/uploads/2022/02/Military_Equipment_policy_draft-1.pdf,
SB978-026,Auburn Police Department,https://www.auburn.ca.gov/603/Assembly-Bill-481,
SB978-027,Avenal Police Department,https://cityofavenal.com/DocumentCenter/View/3226/Chapter---11---Military-Use-Updated-4192022,
SB978-029,Azusa Police Department,NA,
SB978-030,Bakersfield Police Department,NA,
SB978-033,Banning Police Department,https://banningca.gov/DocumentCenter/View/10367/Att-2-BPD-Policy-708---Military-Equipment,https://banningca.gov/DocumentCenter/View/10415/Att-3-BPD-Specialized-Police-Equipment-Inventory
SB978-034,Barstow Police Department,https://www.barstowca.org/home/showpublisheddocument/7552,
SB978-035,Bay Area Rapid Transit Police Department,https://www.bart.gov/sites/default/files/docs/Draft%20Military%20Equipment%20Use%20Policy%20%28Lexipol%20Policy%20711%29%20and%20Military%20Equipment%20Inventory_0.pdf,
SB978-036,Bear Valley Police Department,NA,
SB978-037,Beaumont Police Department,http://beaumontpd.org/DocumentCenter/View/37346/Policy-709-Military-Specialized-Police-Equipment,
SB978-038,Bell Gardens Police Department,https://www.bellgardens.org/home/showpublisheddocument/5591/637938257880670000,
SB978-040,Belmont Police Department,https://www.belmont.gov/home/showpublisheddocument/21597/637920986984100000,
SB978-041,Belvedere Police Department,https://www.cityofbelvedere.org/DocumentCenter/View/8437/RELEASE_20220814_T171606_Belvedere_PD_Policy_Manual,
SB978-042,Benicia Police Department,https://www.ci.benicia.ca.us/vertical/sites/%7BF991A639-AAED-4E1A-9735-86EA195E2C8D%7D/uploads/AB_481_Draft_Policy.pdf,
SB978-043,Berkeley Police Department,https://berkeleyca.gov/sites/default/files/documents/RELEASE_20220921_T152222_Berkeley_PD_Policy_Manual.pdf,
SB978-044,Beverly Hills Police Department,https://www.beverlyhills.org/cbhfiles/storage/files/1477884586602467599/Military_Equipment_Use_Policy(5).pdf,https://www.beverlyhills.org/cbhfiles/storage/files/5367468081035991777/MilitaryEquipmentInventory.pdf
SB978-049,Blythe Police Department,https://www.cityofblythe.ca.gov/DocumentCenter/View/1808/Blythe-Police-Department---Military-Equipment-Use-Policy---Draft-3-12-2022?bidId=,
SB978-050,Brawley Police Department,https://www.brawley-ca.gov/cms/kcfinder/upload/files/police_department/Self-Service/Policy%20709.pdf,http://www.brawley-ca.gov/cms/kcfinder/upload/files/police_department/Policies/Brawley%20Police%20Department%20AB481%20Military%20Equipment%20List.pdf
SB978-051,Brea Police Department,https://www.ci.brea.ca.us/DocumentCenter/View/10023/Brea_PD_Policy_Manual_May2022?bidId=,
SB978-052,Brentwood Police Department,https://brentwoodca.prod.govaccess.org/home/showdocument?id=4960&t=637838235418693986,
SB978-053,Brisbane Police Department,https://www.brisbaneca.org/sites/default/files/fileattachments/police/page/24131/brisbane_military_equipment_use_policy.pdf,
SB978-054,Broadmoor Police Department,https://www.broadmoorpolice.com/wp-content/uploads/2022/05/brd_military_equipment_2022.pdf,
SB978-055,Buena Park Police Department,https://cms4files.revize.com/buenaparkpolice/document_center/GO%20409%20-%20Military%20Equipment%20Use%20Draft.pdf,
SB978-056,Burbank Police Department,https://www.burbankpd.org/assets/1/7/Military_Equipment_Policy___Inventory_(2022)1.pdf,
SB978-058,Burlingame Police Department,https://cms6.revize.com/revize/burlingamecity/document_center/Police/Policies/Burlingame%20PD%20Policy%20Manual%2003-18-2022.pdf,
SB978-062,Butte County Sheriff's Department/Coroner,https://www.buttecounty.net/Portals/24/pdf/1BCSO%20AB%20481%20Policy%2004_22_22.pdf?ver=2022-04-25-080253-163,
SB978-066,Calaveras County Sheriff's Department,https://sheriff.calaverasgov.us/Portals/Sheriff/Documents/Policy%20709%20Calaveras%20County%20Sheriff.pdf?ver=Iu7-TXqGvPwQyOCpSyzWJA%3D%3D,
SB978-067,Calexico Police Department,https://www.calexico.ca.gov/vertical/sites/%7B342ED706-1EBB-4FDE-BD1E-9543BAD44C09%7D/uploads/RELEASE_20220228_T143708_Calexico_PD_Policy_Manual.pdf,https://www.calexico.ca.gov/vertical/sites/%7B342ED706-1EBB-4FDE-BD1E-9543BAD44C09%7D/uploads/Calexico_Military_Equipment_List_.pdf
SB978-068,California City Police Department,https://www.californiacity-ca.gov/CC/images/California_City_PD_-_Policy_Manual_2022.pdf,
SB978-071,Calistoga Police Department,https://www.ci.calistoga.ca.us/home/showpublisheddocument/37873,
SB978-072,Campbell Police Department,https://www.campbellca.gov/DocumentCenter/View/16869/08262022_Campbell_PD_Policy_Manual?bidId=,
SB978-073,City of Capitola,https://www.cityofcapitola.org/sites/default/files/fileattachments/police/page/21751/cpd_ab481_dally_final_.pdf,https://www.cityofcapitola.org/sites/default/files/fileattachments/police/page/21751/cpd_equipment_ab_481.pdf
SB978-074,Carlsbad Police Department,https://www.carlsbadca.gov/home/showpublisheddocument/10009/637877016964218030,https://www.carlsbadca.gov/home/showpublisheddocument/9565/637885488390100000
SB978-075,Carmel Police Department,NA,
SB978-076,Cathedral City Police Department,https://www.cathedralcitypolice.com/wp-content/uploads/2022/01/Military_Equipment-Policy-708-CCPD.pdf,
SB978-077,Central Marin Police Authority,https://www.centralmarinpolice.org/DocumentCenter/View/1215/CMPA-Military-Equipment-Use-Policy---Attachement-1-4-5-2022,
SB978-078,Ceres Department of Public Safety,https://www.ci.calistoga.ca.us/home/showpublisheddocument/37873,
SB978-080,Chaffey Community College District Police Department,NA,
SB978-082,Chico Police Department,https://chico.ca.us/sites/main/files/file-attachments/proposed_policy_709_-_military_equipment_and_inventory.pdf?1646702442,
SB978-083,Chino Police Department,https://cityofchino.org/DocumentCenter/View/2603/Chino_PD_Policy_Manual-Updated-3232022?bidId=,
SB978-084,Chowchilla Police Department,https://www.cityofchowchilla.org/DocumentCenter/View/2650/Item-333-Policy-705---Military-Equipment-Use-Policy-AB-481-00932674x7AD00-002,
SB978-085,Chula Vista Police Department,https://www.chulavistaca.gov/home/showpublisheddocument/24127/637841750334330000,
SB978-086,Citrus Community College District Department of Campus Safety,NA,
SB978-087,Citrus Heights Police Department,https://www.citrusheights.net/DocumentCenter/View/17618/Military-Equipment-Use---Proposed-Policy-706,
SB978-089,Claremont Police Department,https://www.ci.claremont.ca.us/home/showpublisheddocument/18217/637879380386230000,
SB978-090,Clayton Police Department,https://claytonca.gov/fc/police/clayton-police-department-policy-manual.pdf,
SB978-091,Clearlake Police Department,https://www.clearlake.ca.us/DocumentCenter/View/1908/Draft-CPD-Military-Equipment-Policy---30-Day-Reviewpdf,
SB978-092,Cloverdale Police Department,https://www.cloverdale.net/DocumentCenter/View/4960/2021-AB-481-CLOVERDALE-POLICE-MILITARY-EQUIPMENT-USE-POLICY-pdf,
SB978-093,Clovis Police Department,https://cityofclovis.com/wp-content/uploads/2022/03/CPD-Policy-Manual-03302022.pdf,
SB978-094,Clovis Unified School District Police Department,NA,
SB978-095,Coalinga Police Department,NA,
SB978-096,Coast Community College District Police Department,NA,
SB978-098,Colma Police Department,https://storage.googleapis.com/proudcity/colmaca/uploads/2022/03/Colma-Police-Military-Equipment-Policy.pdf,
SB978-099,Colton Police Department,https://coltonpd.org/DocumentCenter/View/296/Policy-707-Colton-Military-Equipment-Use-Policy?bidId=,
SB978-100,Colusa County District Attorney,https://www.countyofcolusa.org/DocumentCenter/View/15369/CCSO-POLICY-709,https://www.countyofcolusa.org/DocumentCenter/View/15370/CCSO-POLICY-7094-MILITARY-EQUIPMENT-INVENTORY
SB978-101,Colusa County Sheriff's Department,https://countyofcolusa.org/DocumentCenter/View/15369/CCSO-POLICY-709,https://countyofcolusa.org/DocumentCenter/View/15370/CCSO-POLICY-7094-MILITARY-EQUIPMENT-INVENTORY
SB978-102,Colusa Police Department,https://www.countyofcolusa.org/DocumentCenter/View/15369/CCSO-POLICY-709,https://www.countyofcolusa.org/DocumentCenter/View/15370/CCSO-POLICY-7094-MILITARY-EQUIPMENT-INVENTORY?bidId=
SB978-105,Concord Police Department,https://cityofconcord.org/DocumentCenter/View/7502/CPD-Draft-Policy-706---Military-Equipment?bidId=,
SB978-107,Contra Costa Community College District Police Department,https://www.4cd.edu/pd/docs/contra-costa-community-college-pd-manual.pdf,
SB978-108,Contra Costa County District Attorney,https://www.cocosheriff.org/home/showpublisheddocument/484/637962536977370000,https://www.cocosheriff.org/home/showpublisheddocument/486/637962537855200000
SB978-109,Contra Costa County Sheriff's Department/Coroner,https://www.cocosheriff.org/home/showpublisheddocument/442/637873667474700611,
SB978-110,Corcoran Police Department,https://cms9files.revize.com/corcoranca/Corcoran%20PD%20Policy%20Manual%20(2022_05).pdf,
SB978-112,Corona Police Department,https://www.coronaca.gov/home/showpublisheddocument/21524/637926319841070000,https://www.coronaca.gov/home/showpublisheddocument/22568/637932194757500000
SB978-113,Coronado Police Department,https://www.coronado.ca.us/DocumentCenter/View/1166/AB-481-PDF,
SB978-114,Costa Mesa Police Department,https://www.costamesaca.gov/home/showpublisheddocument/51018/637855506206230000,https://www.costamesaca.gov/home/showpublisheddocument/51016/637908990846430000
SB978-115,Cosumnes River College Police Department,https://police.losrios.edu/lrpd/doc/policy-manual.pdf,
SB978-116,Cotati Police Department,https://www.cotaticity.org/DocumentCenter/View/433/Military-Equipment-PDF,
SB978-117,Covina Police Department,https://covinapd.org/wp-content/uploads/2022/09/covinapd-policy-manual-2022-09.pdf,
SB978-118,CPSU Pomona Department of Public Safety,NA,
SB978-119,Cal Poly University Police,https://afd.calpoly.edu/police/police-administration/policies/700/709-regulated-equipment-tools.pdf,
SB978-121,CSU Bakersfield University Police Department,https://www.csub.edu/bas/police/_files/Regulated-Equipment-and-Tools-Policy.pdf,
SB978-122,CSU Channel Islands University Police Department,NA,
SB978-123,CSU Chico University Police Department,NA,
SB978-124,CSU Dominguez Hills University Police and Parking,NA,
SB978-125,CSU East Bay University Police Department,NA,
SB978-126,CSU Fresno University Police Department,NA,
SB978-127,CSU Fullerton University Police Department,NA,
SB978-128,Humboldt State University,NA,
SB978-129,CSU Long Beach University Police Department,NA,
SB978-130,Cal State LA Police Department,NA,
SB978-132,CSU Monterey Bay University Police Department,NA,
SB978-133,CSU Northridge Department of Police Services,NA,
SB978-134,CSU Sacramento Public Safety/University Police Department,NA,
SB978-135,CSU San Bernardino University Police Department,NA,
SB978-138,CSU San Jos√© University Police Department,NA,
SB978-139,CSU San Marcos University Police Department,NA,
SB978-141,CSU Stanislaus Police Department,NA,
SB978-142,Cuesta College Department of Public Safety,NA,
SB978-143,Culver City Police Department,https://www.culvercitypd.org/files/assets/police/documents/policies/release_20220615_culver_city_pd_policy_manual.pdf,
SB978-144,Cypress Police Department,https://www.culvercitypd.org/files/assets/police/documents/policies/release_20220615_culver_city_pd_policy_manual.pdf,
SB978-145,Daly City Police Department,https://dalycity.org/DocumentCenter/View/6172/Military-Equipment-Draft-4722-PDF,https://dalycity.org/DocumentCenter/View/6171/Military-Equipment-List-Draft-PDF?bidId=
SB978-148,Davis Police Department,https://www.cityofdavis.org/home/showpublisheddocument/17599,
SB978-150,Del Norte County Sheriff's Department,NA,
SB978-151,Del Rey Oaks Police Department,https://www.delreyoaks.org/sites/default/files/fileattachments/police_department/page/141/del_rey_oaks_draft_military_equipment_use_policy.pdf,https://www.delreyoaks.org/sites/default/files/fileattachments/police_department/page/141/section_1_qualifying_equipment_dro_pd_owns.pdf  https://www.delreyoaks.org/sites/default/files/fileattachments/police_department/page/141/section_3_qualifying_equipment_dro_pd_is_seeking.pdf
SB978-152,Delano Police Department,https://www.cityofdelano.org/DocumentCenter/View/6158/Delano-Police-Department-Proposed-Military-Equipment-Policy,
SB978-153,Desert Hot Springs Police Department,NA,
SB978-154,Dinuba Police Department,https://dinuba.org/images/2022/Dinuba_PD_Policy_Manual.pdf,
SB978-155,Dixon Police Department,https://www.dixonpolice.org/media/howdoi/Dixon%20Police%20Department%20Policy%202022.pdf,
SB978-156,Dos Palos Police Department,https://www.dospalospd.org/_files/ugd/87680d_b57afbfcb2bf416faa5127e5a83d7857.pdf,
SB978-157,Downey Police Department,https://www.downeyca.org/home/showpublisheddocument/6512/637878573693470000,
SB978-158,East Bay Regional Parks District Department of Public Safety,NA,
SB978-159,East Palo Alto Police Department,https://www.cityofepa.org/sites/default/files/fileattachments/police_department/page/8571/705_military_equipment_policy.pdf,
SB978-160,El Cajon Police Department,NA,
SB978-161,El Camino Community College District Police Department,https://www.elcamino.edu/support/health-safety/police/specnotice/docs/Policy_706.pdf,
SB978-162,El Centro Police Department,https://cityofelcentro.org/police/wp-content/uploads/sites/9/2022/07/RELEASE_20220308_T173248_El_Centro_PD_Policy_Manual-1.pdf,
SB978-163,El Cerrito Police Department,https://www.el-cerrito.org/DocumentCenter/View/17217/El-Cerrito-PD-Policy-Manual,
SB978-165,El Dorado County Sheriff's Department,https://www.edcgov.us/Government/sheriff/Documents/EDSOPolicy709Military_Equipment.pdf,
SB978-166,El Monte Police Department,https://www.ci.el-monte.ca.us/DocumentCenter/View/5311/EMPD-Policy-706---Military_Equipment,https://www.ci.el-monte.ca.us/DocumentCenter/View/5310/El-Monte-PD-Military-Equipment-Inventory-
SB978-168,El Segundo Police Department,https://www.elsegundopd.org/home/showpublisheddocument/5178/637831155687070000,
SB978-169,Elk Grove Police Department,https://cdn5-hosted.civiclive.com/UserFiles/Servers/Server_118017/File/Education%20and%20Training%20Materials/Military%20Equipment%20031022.pdf,
SB978-170,Emeryville Police Department,https://www.ci.emeryville.ca.us/ArchiveCenter/ViewFile/Item/5064,
SB978-171,Escalon Police Department,NA,
SB978-172,Escondido Police Department,https://www.police.escondido.org/Data/Sites/4/media/pdfs/DI1.55MilitaryEquipmentUsePolicy031722.pdf,
SB978-173,Etna Police Department,NA,
SB978-174,Eureka Police Department,NA,
SB978-175,Exeter Police Department,https://cityofexeter.com/wp-content/uploads/2022/05/Draft-Uncodified-Ordinance-703-Exhibit-A-EPD-Policy-706-Military-Equipment.pdf,https://cityofexeter.com/wp-content/uploads/2022/05/Exeter-Police-Department-Military-Equipment-Inventory.pdf
SB978-177,Fairfax Police Department,https://www.fostercity.org/sites/default/files/fileattachments/police/page/41631/military_equipment_use_policy.pdf,https://www.fostercity.org/sites/default/files/fileattachments/police/page/41631/equipment_list_ab_481.pdf
SB978-178,Fairfield Police Department,https://www.fairfield.ca.gov/home/showpublisheddocument/6879/637847620058430000,
SB978-179,Farmersville Police Department,NA,
SB978-180,Ferndale Police Department,https://ci.ferndale.ca.us/wp/wp-content/uploads/Ferndale_PD_Policy_Manual-7-12-22.pdf,
SB978-181,Firebaugh Police Department,https://firebaugh.org/wp-content/uploads/2022/05/AB481.pdf,
SB978-182,Folsom Lake College Police Department,https://police.losrios.edu/lrpd/doc/policy-manual.pdf,
SB978-183,Folsom Police Department,https://www.folsom.ca.us/home/showpublisheddocument/11025/637915899246144580,https://www.folsom.ca.us/home/showpublisheddocument/9999/637837281174470000
SB978-184,Fontana Police Department,https://www.fontana.org/DocumentCenter/View/37815/709-Military-Equipment,
SB978-187,Fort Bragg Police Department,NA,
SB978-188,Fortuna Police Department,https://cms8.revize.com/revize/fortunaca/Document%20center/Department/Public%20Safety/Assembly%20Bill%20481/2022-753_Military%20Equipment%20Use%20Policy.pdf,
SB978-189,Foster City Police Department,https://www.fostercity.org/sites/default/files/fileattachments/police/page/18231/2022_fcpd_policy_manual.pdf,
SB978-190,Fountain Valley Police Department,https://www.fountainvalley.org/DocumentCenter/View/14952/AB-481---Military-Equipment-Website,
SB978-191,Fowler Police Department,http://fowlercity.org/wp-content/uploads/2022/03/Policy-Final-705-Military-Equipment.pdf,
SB978-192,Fremont Police Department,https://www.fremontpolice.gov/home/showdocument?id=662&t=637831505654673630,https://www.fremontpolice.gov/home/showdocument?id=664&t=637831505661392494
SB978-194,Fresno County Sheriff's Department,https://publicinfo.fresnosheriff.org/docs/DocView.aspx?id=6515&dbid=0&repo=SheriffPublic&cr=1,https://www.fresnosheriff.org/images/pdfs/Assembly%20Bill%20481.pdf
SB978-195,Fresno Police Department,https://www.fresno.gov/police/wp-content/uploads/sites/5/2022/04/Policy-706-Military-DRAFT-A-AC-AK-approved.pdf,https://www.fresno.gov/police/wp-content/uploads/sites/5/2022/04/Inventory-April-12-20222.pdf
SB978-197,Fullerton Police Department,https://www.cityoffullerton.com/home/showpublisheddocument/5931/637828681130730000,
SB978-198,Galt Police Department,https://www.cityofgalt.org/home/showpublisheddocument/39105/637855490695261516,
SB978-199,Garden Grove Police Department,https://ggcity.org/sites/default/files/g.o.-2.29-military-equipment_0.pdf,
SB978-200,Gardena Police Department,http://www.gardenapd.org/wp-content/uploads/2022/07/CA-Gardena-PD-Policy-Manual-072122.pdf,
SB978-202,Gilroy Police Department,https://www.cityofgilroy.org/DocumentCenter/View/12674/GPD-Proposed-Policy-708-and-Equipment-Inventory?bidId=,
SB978-203,Glendale Community College District Police Department,NA,
SB978-204,Glendale Police Department,https://www.glendaleca.gov/home/showpublisheddocument/66249/637866449003800000,
SB978-206,Glendora Police Department,https://www.cityofglendora.org/home/showpublisheddocument/19086/637900959477600000,
SB978-209,Glenn County Sheriff's Department/Coroner,https://www.countyofglenn.net/sites/default/files/Sheriff/Military_Equipment_Draft_Policy%208-22.pdf,https://www.countyofglenn.net/sites/default/files/Sheriff/Military%20Equipment%20List%202022.pdf
SB978-210,Gonzales Police Department,https://gonzalesca.gov/sites/default/files/2022-04/Military%20Equipment%2004192022_2.pdf,
SB978-211,Grass Valley Police Department,https://www.cityofgrassvalley.com/sites/main/files/file-attachments/grass_valley_pd_ca_policy_manual.pdf?1610035304,
SB978-212,Greenfield Police Department,https://www.ci.greenfield.ca.us/DocumentCenter/View/2804/Greenfield-PD-Military-Equipment-Policy?bidId=,
SB978-213,Gridley Police Department,http://gridley.ca.us/public/uploads/pdfs/GPD_Policy_706_(Proposed)_and_Inventory.pdf,
SB978-214,Grover Beach Police Department,https://www.grover.org/DocumentCenter/View/12730/Military_Equipment-Draft-May-22,
SB978-215,Guadalupe Police Department,NA,
SB978-216,Gustine Police Department,https://www.cityofredding.org/home/showpublisheddocument/27221/637853515566100000,
SB978-218,Hanford Police Department,https://cms6.revize.com/revize/hanfordca/document_center/Police/MILITARY_EQUIPMENT.pdf,
SB978-220,Hayward Police Department,https://www.hayward-ca.gov/sites/default/files/police/Policy%20706%20-%20Military%20Equipment%20Use%20-%20FINAL.pdf,https://www.hayward-ca.gov/sites/default/files/police/AB-481-HPD-Equipment-List-FINAL-6-28.pdf
SB978-221,Healdsburg Police Department,https://www.ci.healdsburg.ca.us/DocumentCenter/View/13993/Proposed_Military_Equipment_Use_Policy?bidId=,https://www.ci.healdsburg.ca.us/DocumentCenter/View/13994/Healdsburg_Police_Military_Use_Policy_Inventory_List?bidId=
SB978-222,Hemet Police Department,https://hemetpd.com/wp-content/uploads/2022/06/hemet-police-military-equipment-policy-update.pdf,
SB978-223,Hercules Police Department,https://www.ci.hercules.ca.us/home/showpublisheddocument/15171/637837243015670000,
SB978-224,Hermosa Beach Police Department,https://www.hermosabeach.gov/home/showpublisheddocument/17032/637846759975270000,https://www.hermosabeach.gov/home/showpublisheddocument/17006/637842252818500000
SB978-226,Hillsborough Police Department,https://www.hillsborough.net/DocumentCenter/View/3774/HPD-Policy-Manual-?bidId=,
SB978-227,Hollister Police Department,http://hollister.ca.gov/wp-content/uploads/2022/04/HPD-Policy-710-Military_Equipment.pdf,https://hollister.ca.gov/wp-content/uploads/2022/04/Military-Equip-in-Use-2022-Rpt..pdf
SB978-229,Humboldt County Sheriff's Department,https://humboldtgov.org/3284/AB-481-Information,
SB978-231,Huntington Beach Police Department, https://huntingtonbeachca.gov/government/departments/pd/documents/AB481-Policy.pdf,
SB978-232,Huntington Park Police Department,https://hppolice.org/wp-content/uploads/2022/09/RELEASE_20220428_T225337_Huntington_Park_PD_Policy_Manual-1.pdf,
SB978-233,Huron Police Department,NA,
SB978-236,Imperial Police Department,NA,
SB978-237,Indio Police Department,NA,
SB978-238,Inglewood Police Department,NA,
SB978-241,Inyo County Sheriff's Department,https://www.inyocounty.us/sites/default/files/2022-06/DA%20Policy%20Manual%20June%202022.pdf,
SB978-242,Ione Police Department,NA,
SB978-243,Irvine Police Department, https://www.cityofirvine.org/cmis/views/6506369d-8966-4bc8-bcd8-b2122bc2749a%253B1.0,
SB978-245,Irwindale Police Department,NA,
SB978-246,Jackson Police Department,https://cms8.revize.com/revize/jacksonca/Document%20Center/City%20Services/Police/Jackson%20-%20Military%20Equipment%20Use%20Policy%20(AB%20481)-4.2022.pdf,
SB978-247,Kensington Police Department,NA,
SB978-248,Kerman Police Department,https://cityofkerman.net/wp-content/uploads/2022/07/Kerman_PD_RELEASE_20220628_T125233_Policy_Manual.pdf,
SB978-251,Kern County Sheriff's Department,https://www.kernsheriff.org/Policies_Document/Department/DepartmentPolicies_SectionJ.pdf,
SB978-253,King City Police Department,https://www.kingcity.com/wp-content/uploads/2022/04/April-12-2022-City-Council-Agenda-Packet.pdf,
SB978-256,Kings County Sheriff's Department,https://www.countyofkings.com/home/showpublisheddocument/29224/637921834929700000,
SB978-257,Kingsburg Police Department,NA,
SB978-258,La Habra Police Department,https://www.lahabraca.gov/DocumentCenter/View/12340/LHPD-Policy-Manual-Updated-41922,
SB978-259,La Mesa Police Department,NA,
SB978-260,La Palma Police Department,https://www.cityoflapalma.org/DocumentCenter/View/11425/Military-Equipment-DRAFT-Policy?bidId=,
SB978-261,La Verne Police Department,https://www.lvpd.org/uploads/files/Policy%20Manual/Military_Equipment%20(new%20policy%20draft%20Jan%202022)LVPD.pdf,https://www.lvpd.org/uploads/files/Policy%20Manual/709%20MILITARY%20EQUIPMENT%20INVENTORY-%20%20Draft%20Policy.pdf
SB978-262,Laguna Beach Police Department,https://www.lagunabeachcity.net/home/showpublisheddocument/12216/637946033134300000,https://www.lagunabeachcity.net/home/showpublisheddocument/11729/637892378521370000
SB978-264,Lake County Sheriff's Department,https://www.lakesheriff.com/Assets/Sheriff+Site/Public+Resources/Use+of+Force/LCSO+Policies/militaryequipment.pdf,
SB978-266,Lakeport Police Department,https://files4.revize.com/lakeportca/Police/Documents/Redact%20-%20LPD%20Policy%20Manual%20Ver.%2022.1.pdf,
SB978-268,Lassen County Sheriff's Department,NA,
SB978-269,Lemoore Police Department,https://lemoore.com/wp-content/uploads/2022/06/Lemoore_PD_Policy_Manual-2022.pdf,
SB978-270,Lincoln Police Department, https://www.lincolnca.gov/en/living-here/Public-Safety/AB-481.pdf,
SB978-271,Lindsay Department of Public Safety,NA,
SB978-272,Livermore Police Department,https://www.livermoreca.gov/home/showpublisheddocument/8736/637818346386686936, https://www.livermoreca.gov/home/showpublisheddocument/8744
SB978-273,Livingston Police Department,https://www.cityoflivingston.org/sites/default/files/fileattachments/police_services/page/3201/military_equipment_1.pdf,
SB978-274,Lodi Police Department,http://library.lodi.gov/DocumentCenter/View/5158/Military_Equipment-Policy?bidId=, https://www.lodi.gov/DocumentCenter/View/5157/Military-Equipment-Inventory-2022
SB978-275,Lompoc Police Department,https://www.cityoflompoc.com/home/showpublisheddocument/34588/637856368545570000,
SB978-276,Long Beach Police Department,https://www.longbeach.gov/globalassets/police/media-library/documents/about-the-lbpd/ab-481/military-equipment-so,
SB978-278,Los Alamitos Police Department, https://cityoflosalamitos.org/DocumentCenter/View/1952/Policy-709---AB-481-Military-Equipment-Policy,
SB978-279,Los Altos Police Department,https://www.losaltosca.gov/sites/default/files/fileattachments/police/page/83411/attachment_1_military_equipment_9.8.22.pdf,
SB978-280,Los Angeles City Department of Recreation and Parks,NA,
SB978-281,Los Angeles County District Attorney,NA,
SB978-282,Los Angeles County Probation Department,NA,
SB978-283,Los Angeles County Sheriff's Department,NA,
SB978-284,Los Angeles Police Department,https://lapdonlinestrgeacc.blob.core.usgovcloudapi.net/lapdonlinemedia/2022/04/NEW-CA-ASSEMBLY-BILL-481-EQUIPTMENT-REPORT-2022.pdf,
SB978-285,Los Angeles Port Police Department,https://kentico.portoflosangeles.org/getmedia/170247ea-4fd2-441a-b765-b4a4bb175ce3/lapp-section-709-military-equipment,
SB978-287,Los Angeles School Police Department,NA,
SB978-289,Los Angeles World Airports Police Department,NA,
SB978-290,Los Banos Police Department,https://losbanos.org/wp-content/uploads/2022/08/Military-Equipment-policy.pdf,https://losbanos.org/wp-content/uploads/2022/04/LBPD-Policy-Manual-Attachment-706.4-pdf..pdf
SB978-291,Los Gatos/Monte Sereno Police Department,https://www.losgatosca.gov/DocumentCenter/View/30275/Draft-Policy-Military-Equipment,https://www.losgatosca.gov/DocumentCenter/View/30276/Military-Equipment-Inventory
SB978-292,Los Rios Community College District Police Department,https://police.losrios.edu/lrpd/doc/policy-manual.pdf,
SB978-295,Madera County Sheriff's Department, https://www.maderacounty.com/home/showpublisheddocument/30209/637836735612330000,
SB978-296,Madera Police Department, https://www.madera.gov/wp-content/uploads/2022/04/Military-Equipment-Policy-Draft.pdf,https://www.madera.gov/wp-content/uploads/2022/06/MPD-Military-Equipment-Final.pdf
SB978-297,Mammoth Lakes Police Department, https://www.townofmammothlakes.ca.gov/DocumentCenter/View/12048/Military_EquipmentPolicy706?bidId=,
SB978-298,Manhattan Beach Police Department,https://www.manhattanbeach.gov/home/showpublisheddocument/41283/637933221320000000,
SB978-299,Manteca Police Department, https://www.ci.manteca.ca.us/Police/Documents/Assembly%20Bill%20481.pdf,
SB978-300,Marin Community College District Police Department,NA,
SB978-303,Marin County Sheriff's Department,https://www.marinsheriff.org/assets/downloads/RELEASE_20220719_T135248_Marin_County_Sheriff_s_Office_Policy_Manual-002.pdf,
SB978-305,Marina Department of Public Safety,https://cityofmarina.org/ArchiveCenter/ViewFile/Item/11300,
SB978-308,Martinez Police Department,https://www.cityofmartinez.org/home/showpublisheddocument/2298/637867532351370000,https://www.cityofmartinez.org/home/showpublisheddocument/2299/637867527498730000
SB978-309,Marysville Police Department,https://www.marysvillepd.org/_files/ugd/a4cd76_484dba83ac1040e2ac2c5996efd1c49d.pdf,
SB978-310,McFarland Police Department,NA,
SB978-313,Mendocino County Sheriff's Department,https://mendocinosheriff.org/wp-content/uploads/2022/06/Proposed-Military-Equipment-Use-Policy.pdf,
SB978-314,Mendota Police Department,NA,
SB978-315,Menifee Police Department, https://menifeepolice.org/wp-content/uploads/2022/03/Military-Equipment-policy-and-list.pdf,
SB978-316,Menlo Park Police Department,https://beta.menlopark.org/Government/Departments/Police/Transparency/Department-policies/Department-policy-manual,
SB978-317,Merced Community College Police Department,NA,
SB978-319,Merced County Sheriff's Department, https://co.merced.ca.us/DocumentCenter/View/29116/Military-Equipment-Use-Policy-03-30-2022?bidId=,
SB978-320,Merced Police Department, https://www.cityofmerced.org/home/showpublisheddocument/10635/637901890039535874,
SB978-321,Mill Valley Police Department, https://cityofmillvalley.org/DocumentCenter/View/2886/New-Draft-Policy-709-Military-Equipment?bidId=,https://www.cityofmillvalley.org/DocumentCenter/View/3005/Final-Equipment-List--Website-UPDATED?bidId=
SB978-323,Milpitas Police Department,https://www.milpitas.gov/_pdfs/ab481/AB481_Policy_FINAL.pdf,https://www.milpitas.gov/_pdfs/ab481/AB481_Inventory_FINAL.pdf
SB978-324,MiraCosta Community College District Police Department,NA,
SB978-325,Modesto Police Department,https://www.modestogov.com/DocumentCenter/View/18692/Military-Equipment--Policy-710-,https://www.modestogov.com/DocumentCenter/View/18693/Military-Equipment-Inventory
SB978-326,Modoc County Sheriff's Department,NA,
SB978-328,Mono County Sheriff's Department,https://monosheriff.org/sites/default/files/fileattachments/sheriff_-_coroner/page/30424/military_equipment_policy.pdf,
SB978-329,Monrovia Police Department,https://www.cityofmonrovia.org/home/showpublisheddocument/28377,https://www.cityofmonrovia.org/home/showpublisheddocument/28379/637860472492170000
SB978-330,Montclair Police Department,https://storage.googleapis.com/proudcity/montclairca/uploads/2022/05/Policy-051622-CURRENT.pdf,
SB978-331,Montebello Police Department,https://cdn5-hosted2.civiclive.com/UserFiles/Servers/Server_58672/Image/Departments/Police/PDF's/montebello-military-equipment-policy.pdf,
SB978-334,Monterey County Sheriff's Department,http://montereysheriff.org/wp-content/uploads/2022/04/Military-Equipment.pdf ,
SB978-335,Monterey Park Police Department, https://www.montereypark.ca.gov/DocumentCenter/View/12838/Monterey-Park-PD-Military-Equipment-Policy-Final-Draft-with-Inventory-2022?bidId=,
SB978-337,Monterey Police Department,"https://files.monterey.org/Document%20Center/Police/Inside%20MPD/Policies,%20Procedures,%20and%20Training/MPD%20Policy%20Manual/MPD-Policy-Manual-05-04-22.pdf",
SB978-339,Moraga Police Department,https://www.moraga.ca.us/DocumentCenter/View/7030/Att-B-Moraga-Police-Military-Equipment-policy?bidId=,
SB978-340,Morgan Hill Police Department,https://www.morgan-hill.ca.gov/DocumentCenter/View/35897/Morgan-Hill-Police-Department-Policy-Manual,
SB978-341,Morro Bay Police Department,https://www.morro-bay.ca.us/DocumentCenter/View/16456/Military_Equipment-Policy-707-rev-3112022,https://www.morro-bay.ca.us/DocumentCenter/View/16458/MBPD-Military-Equipment-Policy-Inventory-v2-rev-3112022
SB978-342,Mountain View Police Department,https://mvpdpublicrecords.org/files/D2DF/709%20-%20Military%20Equipment.pdf,
SB978-345,Mt. Shasta Police Department,https://mtshastaca.gov/wp-content/uploads/2022/02/RELEASE_20220216_T235437_Mount_Shasta_PD_Policy_Manual_v.2022.pdf,
SB978-346,Murrieta Police Department,https://www.murrietaca.gov/DocumentCenter/View/1872/Murrieta-Police-Department-Policy-Manual,
SB978-348,Napa County Sheriff's Department,https://www.countyofnapa.org/DocumentCenter/View/15565/Napa-County-Sheriff-Office-Policy-Manual-2022-PDF?bidId=,
SB978-349,Napa Police Department,https://www.cityofnapa.org/DocumentCenter/View/9664/DRAFT-NPD-Policy---Military-Equipment-Funding-Acquisition-and-Use-PDF, https://www.cityofnapa.org/DocumentCenter/View/9663/NPD-Military-Equipment-Inventory-List-PDF
SB978-350,Napa Valley College Police Department,NA,
SB978-351,National City Police Department, https://www.nationalcityca.gov/home/showpublisheddocument/28392/637835681377830000,
SB978-355,Newark Police Department,https://www.newark.org/home/showpublisheddocument/8594/637919242516170000,
SB978-357,Newport Beach Police Department,https://www.nbpd.org/home/showpublisheddocument/71613/637874457430830000,
SB978-358,Novato Police Department,https://www.novato.org/home/showpublisheddocument/33915,
SB978-359,Oakdale Police Department,https://www.oakdalegov.com/_files/ugd/49e361_59215c32f8974aecbd532e7cffcca263.pdf,
SB978-363,Oakley Police Department,https://www.ci.oakley.ca.us/wp-content/uploads/2022/06/Military-Equipment-Policy.pdf,
SB978-365,Oceanside Police Department,https://www.ci.oceanside.ca.us/civicax/filebank/blobdload.aspx?BlobID=57228,https://www.ci.oceanside.ca.us/civicax/filebank/blobdload.aspx?BlobID=57526
SB978-368,Ontario Police Department,https://www.ontarioca.gov/sites/default/files/Ontario-Files/Police/OPD%20AB%20481%20Military%20Equipment%20Inventory%20(Final%20Proposed).pdf,
SB978-370,Orange County District Attorney,https://orangecountyda.org/wp-content/uploads/2022/04/Military-Equipment-Policy.pdf,
SB978-373,Orange County Sheriff's Department/Coroner,https://www.ocsheriff.gov/sites/ocsd/files/2022-07/Policy%20711%20and%20Equipment%20Attachment.pdf,
SB978-374,Orange Cove Police Department,https://cityoforangecove.com/wp-content/uploads/2022/05/OCPD-Policy-706-Copy.pdf,
SB978-375,Orange Police Department,https://www.cityoforange.org/home/showpublisheddocument/3338/637846829980732070,
SB978-379,Pacific Grove Police Department,"https://files.cityofpacificgrove.org/Document_Center/Departments/Police/Policies,%20Manuals,%20and%20Training%20Outlines/PGPD%20Military%20Equipment%20Draft%20Policy%203-1-2022.pdf",
SB978-381,Pacifica Police Department,https://www.cityofpacifica.org/home/showpublisheddocument/2468/637838979997070000,
SB978-382,Palm Springs Police Department,https://www.palmspringsca.gov/home/showpublisheddocument/81836/637837263990270000,
SB978-383,Palo Alto Police Department,https://www.cityofpaloalto.org/files/assets/public/police-department/public-information-portal/proposed-papd-policy-regarding-ab-481.pdf,
SB978-385,Palos Verdes Estates Police Department,https://www.pvestates.org/home/showpublisheddocument/16440/637837081337630000,https://www.pvestates.org/home/showpublisheddocument/16444/637837081346570000
SB978-386,Paradise Police Department,https://www.townofparadise.com/sites/default/files/fileattachments/police_department/page/5521/ppd_policy_708_-_military_equipment.pdf,
SB978-389,Pasadena Police Department,https://www.cityofpasadena.net/police/wp-content/uploads/sites/28/PPD-Military-Equipment-Use-Policy.pdf,
SB978-390,Paso Robles Police Department,https://www.prcity.com/DocumentCenter/View/33783/Policy-706---Military-Equipment-Purpose-and-Scope,
SB978-392,Petaluma Police Department,https://petaluma.granicus.com/MetaViewer.php?view_id=31&event_id=45950&meta_id=529274,https://petaluma.granicus.com/MetaViewer.php?view_id=31&event_id=45950&meta_id=529276
SB978-393,Piedmont Police Department,https://cdn5-hosted.civiclive.com/UserFiles/Servers/Server_13659739/File/Military%20Equipment%20Use%20Policy.pdf?v=NwGOls0ZV&v=NwGOls0ZV,
SB978-394,Pinole Police Department,https://cdn5-hosted.civiclive.com/UserFiles/Servers/Server_10946972/File/City%20Government/Police/Resources/Pinole_PD_CA_Policy_Manual%20Policy%20707%20Draft%203_18.pdf,
SB978-395,Pismo Beach Police Department,https://codelibrary.amlegal.com/codes/pismobeach/latest/pismo_ca/0-0-0-23513,
SB978-396,Pittsburg Police Department,https://www.pittsburgca.gov/home/showpublisheddocument/13795/637831086167100000,https://www.pittsburgca.gov/home/showpublisheddocument/13797/637831086443700000
SB978-397,Placentia Police Department,https://www.placentia.org/DocumentCenter/View/9653/PPD-Draft-Policy-710---Miliary-Equipment,
SB978-398,Placer County District Attorney,https://www.placer.ca.gov/DocumentCenter/View/59431/Military_Equipment?bidId=,
SB978-401,Placerville Police Department,https://www.cityofplacerville.org/media/City%20Council%20Staff%20Reports/2022/04%2026%202022/10.1_Att2%20Military_Equipment%20(JW).pdf,
SB978-402,Pleasant Hill Police Department,https://www.pleasanthillca.org/DocumentCenter/View/20381/RELEASE_20220311_T172014_Pleasant_Hill_PD_Policy_Manual_redacted,
SB978-403,Pleasanton Police Services,https://www.cityofpleasantonca.gov/civicax/filebank/blobdload.aspx?BlobID=36238,
SB978-406,Pomona Police Department,https://www.pomonaca.gov/home/showpublisheddocument/4274/637831072756030000,https://www.pomonaca.gov/home/showpublisheddocument/4354/637855247514700000
SB978-408,Port Hueneme Police Department,https://www.ci.port-hueneme.ca.us/DocumentCenter/View/5377/2022-06-20-CC-10?bidId=,
SB978-410,Porterville Police Department,https://cms9files.revize.com/PortervilleCA/PD%20Policy%20Manual%202-22-22.pdf,
SB978-411,Red Bluff Police Department,https://cms5.revize.com/revize/redbluffpolice/Proposed_Military_Equipment.pdf,
SB978-412,Redding Police Department,https://www.cityofredding.org/home/showpublisheddocument/27221/637853515566100000,
SB978-413,Redlands Police Department,https://www.cityofredlands.org/sites/main/files/file-attachments/military_equipment_use_policy_-_draft.pdf?1660581631,
SB978-414,Redondo Beach Police Department,https://www.redondo.org/civicax/filebank/blobdload.aspx?t=47376.27&BlobID=40626,https://www.redondo.org/civicax/filebank/blobdload.aspx?t=56452.8&BlobID=41052
SB978-415,Redwood City Police Department,https://www.redwoodcity.org/home/showpublisheddocument/24802/637838327229230000,"https://www.redwoodcity.org/home/showpublisheddocument/24798/637838327220630000 ,  https://www.redwoodcity.org/home/showpublisheddocument/24800/637838327224570000"
SB978-416,Reedley Police Department,https://reedleyweb.s3.us-west-1.amazonaws.com/2022/03/Equipment_Policy-1647033657.pdf,https://reedleyweb.s3.us-west-1.amazonaws.com/2022/03/Reedley_Police_AB481_Equipment_List.pages-1647033672.pdf
SB978-417,Rialto Police Department,https://rialtopolice.com/wp-content/uploads/2022/05/rialtopd-policy-2022-03-16.pdf,https://rialtopolice.com/wp-content/uploads/2022/07/rialto-pd-military-equipment-inventory-2022.pdf
SB978-418,Richmond Police Department,https://www.ci.richmond.ca.us/DocumentCenter/View/63138/AB-481-Draft-Policy-707,https://www.ci.richmond.ca.us/DocumentCenter/View/62784/AB-481-Inventory-Report
SB978-422,Ripon Police Department,https://riponpd.org/wp-content/uploads/2022/05/Military-Equipment-Policy.pdf,
SB978-426,Riverside County Sheriff's Department,https://www.riversidesheriff.org/DocumentCenter/View/6513/DSM-712-Military-Equipment,
SB978-427,Riverside Police Department,https://www.riversidesheriff.org/DocumentCenter/View/6513/DSM-712-Military-Equipment,
SB978-428,Rocklin Police Department,https://www.rocklin.ca.us/sites/main/files/file-attachments/rocklin_pd_policy_706_-_military_equipment.pdf?1650929530,https://www.rocklin.ca.us/sites/main/files/file-attachments/rocklin_pd_military_equipment_inventory.pdf?1650929546
SB978-429,Rohnert Park Department of Public Safety,https://cdn5-hosted.civiclive.com/UserFiles/Servers/Server_3037789/File/Public%20Safety/Police/Policy-706_Military-Equipment.pdf,
SB978-430,Roseville Police Department,https://www.roseville.ca.us/common/pages/DisplayFile.aspx?itemId=18307040,https://www.roseville.ca.us/common/pages/DisplayFile.aspx?itemId=18307038
SB978-431,Ross Police Department,https://www.townofross.org/sites/default/files/fileattachments/police/page/4256/draft_military_equipment_use_policy_-_final_for_positing_4.29.22.pdf,
SB978-436,Sacramento County Sheriff's Department,https://www.dropbox.com/s/flmkd0enip0zx6m/AB%20481%20Interim%20Order.pdf?dl=0,https://www.dropbox.com/s/sgyv809rye9gif9/AB481%20Military%20Equipment%20Inventory%20092022.pdf?dl=0
SB978-437,Sacramento Police Department,https://www.cityofsacramento.org/-/media/Corporate/Files/Police/Transparency/Military-Use-Reports/GO-41006-Military-Use-Policy-Final091922.pdf?la=en,
SB978-443,San Benito County Sheriff's Department,https://www.cosb.us/home/showpublisheddocument/8963/637946100730970000,
SB978-446,San Bernardino County Sheriff-Coroner,https://wp.sbcounty.gov/sheriff/wp-content/uploads/sites/17/Military-Equipment-Use-Policy-52422.pdf,
SB978-447,San Bernardino Police Department,https://cdn5-hosted.civiclive.com/UserFiles/Servers/Server_17442462/File/Government/Department/Police%20Department/AB%20481/Military%20Equipment%20Policy%20705.pdf,
SB978-449,San Bruno Police Department,https://public.powerdms.com/SanBrunoPD/documents/2405067,
SB978-456,San Diego County Sheriff's Department,https://www.sdsheriff.gov/home/showpublisheddocument/5244/637867547366170000,
SB978-457,San Diego Harbor Police Department,https://pantheonstorage.blob.core.windows.net/public-safety/Port-of-San-Diego-Harbor-Police-Policy-712-Military-Equipment-Use.pdf,
SB978-458,San Diego Police Department,https://www.sandiego.gov/sites/default/files/ab_481_procedure_public_draft.pdf,https://www.sandiego.gov/sites/default/files/2021_annual_military_equipment_report_public_draft.pdf
SB978-460,San Fernando Police Department,https://ci.san-fernando.ca.us/wp-content/uploads/2022/04/Military_Equipment-draft-042722.pdf,
SB978-465,San Francisco Police Department,https://www.sanfranciscopolice.org/your-sfpd/policies/law-enforcement-equipment-use-policy,
SB978-466,San Gabriel Police Department,https://sangabrielcity.com/DocumentCenter/View/16780/Lexipol-Policy-707-Pursuant-to-AB-481-1,
SB978-470,San Joaquin County Sheriff's Department,https://sjsheriff.org/Downloads/policies/sjcso-military-equipment-policy-and-list-2022.pdf,
SB978-472,San Jose Police Department,https://www.sjpd.org/home/showpublisheddocument/710/638006451003918952,https://www.sjpd.org/home/showpublisheddocument/712/638006450767197733
SB978-475,San Leandro Police Department,https://www.sanleandro.org/DocumentCenter/View/6875,https://www.sanleandro.org/1077/Assembly-Bill-481
SB978-477,San Luis Obispo County Sheriff's Department,https://www.slosheriff.org/San_Luis_Obispo_County_SO_Policy_Manual_May_2022.pdf,
SB978-478,San Luis Obispo Police Department,https://www.slocity.org/home/showpublisheddocument/31899/637831994266470000,
SB978-479,San Marino Police Department,https://cms9files.revize.com/sanmarinoca/Police/San%20Marino%20Police%20Department%20Policy%20705%20(Draft).pdf,
SB978-481,San Mateo County Sheriff's Office,https://www.smcsheriff.com/sites/default/files/resources_files/San%20Mateo%20County%20Sheriff%27s%20Office%20Lexipol%20Policy%20705%20Military%20Equipment_0.pdf,
SB978-482,San Mateo Police Department,https://www.cityofsanmateo.org/DocumentCenter/View/87368/Draft-Policy-709---Military-Equipment,
SB978-483,San Pablo Police Department,https://www.sanpabloca.gov/DocumentCenter/View/15159/San-Pablo-Police-AB481-Policy?bidId=,
SB978-484,San Rafael Police Department,https://www.srpd.org/downloads/AB481/AB-481-draft.pdf,
SB978-485,San Ramon Police Department,https://cdn5-hosted.civiclive.com/UserFiles/Servers/Server_10826046/File/Our%20City/Departments/Police/Home%20Page/Policy708.pdf,
SB978-487,Sanger Police Department,http://www.ci.sanger.ca.us/DocumentCenter/View/2198/SAPD-Military_Equipment-Policy,
SB978-488,Santa Ana Police Department,https://voiceofoc.org/wp-content/uploads/2022/04/Policy-707-Military-Equipment.pdf,
SB978-491,Santa Barbara County Sheriff's Department,https://www.sbsheriff.org/wp-content/uploads/2022/03/Lexipol-Military-Equipment-Policy-w-Inventory.pdf,
SB978-492,Santa Barbara Police Department,https://santabarbaraca.gov/sites/default/files/documents/Police/Military%20Equipment%20Inventory%20Per%20Assembly%20Bill%20No.%20481/Governing%20Body%20Specific%20Equipment%20Approval.pdf,https://santabarbaraca.gov/sites/default/files/documents/Police/Military%20Equipment%20Inventory%20Per%20Assembly%20Bill%20No.%20481/SBPD%20Military%20Equipment%20Inventory%202022.pdf
SB978-495,Santa Clara County Sheriff's Department,https://countysheriff.sccgov.org/sites/g/files/exjcpb406/files/policy/General%20Order%20%2310.08%20Final%20Draft.pdf,
SB978-496,Santa Clara Police Department,https://www.santaclaraca.gov/home/showpublisheddocument/76608/637806211924170000,
SB978-499,Santa Cruz County Sheriff's Department,https://www.scsheriff.com/Portals/1/County/sheriff/Policy%205_26_22.pdf,
SB978-500,Santa Cruz Police Department,https://www.cityofsantacruz.com/home/showpublisheddocument/88444/637831499167900000,
SB978-502,Santa Maria Police Department,https://www.cityofsantamaria.org/home/showpublisheddocument/30262/637831197770770000,https://www.cityofsantamaria.org/home/showpublisheddocument/30260/637872810825630000
SB978-504,Santa Monica Police Department,https://www.santamonica.gov/media/Police/Policy%20707%20Military%20Equipment%20Draft%20Revision.pdf,
SB978-507,Santa Rosa Police Department,https://srcity.org/DocumentCenter/View/35876/Lex-707-Military_Equipment,https://www.srcity.org/DocumentCenter/View/35874/481-Appendix-A
SB978-508,Sausalito Police Department,https://www.sausalito.gov/home/showpublisheddocument/31307/637866717307530000,
SB978-509,Scotts Valley Police Department,https://www.scottsvalleypd.com/_files/ugd/385dfa_7b089a0014cf4ad89c189682d0e17c34.pdf?index=true,
SB978-510,Seal Beach Police Department,https://2sr7d8472n573iqofw1mfsq0-wpengine.netdna-ssl.com/wp-content/uploads/2022/04/Seal-Beach-PD-Policy-706-Military-Equipment.pdf,
SB978-511,Seaside Police Department,http://www.ci.seaside.ca.us/DocumentCenter/View/12856/AB-481-Military-Equipment,
SB978-512,Sebastopol Police Department,https://ci.sebastopol.ca.us/SebastopolSite/media/Documents/Police_Dept/Policy-705.pdf,
SB978-513,Selma Police Department,https://www.cityofselma.com/Document_Center/Department/Police/Military%20policy.pdf,
SB978-514,Shafter Police Department,https://www.shafter.com/DocumentCenter/View/5220/Military_Equipment_Use_Policy-3-FINAL?bidId=,
SB978-517,Shasta County Sheriff's Department,https://www.co.shasta.ca.us/docs/libraries/sheriff-docs/docs/military_equipment-704-policy.pdf?sfvrsn=c891ab89_0,
SB978-521,Sierra Madre Police Department,https://www.cityofsierramadre.com/UserFiles/Servers/Server_212309/File/Departments/Police%20Department/Police%20Dept%20Files/Military%20Equipment%20policy%20(2).pdf,
SB978-522,Signal Hill Police Department,https://www.cityofsignalhill.org/DocumentCenter/View/8399/Signal_Hill_PD_Policy_Manual-2022?bidId=,
SB978-523,Simi Valley Police Department,https://www.simivalley.org/home/showpublisheddocument/24953/637882888375070000,
SB978-529,Solano County Sheriff's Department,https://www.solanocounty.com/civicax/filebank/blobdload.aspx?blobid=37676,https://www.solanocounty.com/civicax/filebank/blobdload.aspx?blobid=37673
SB978-531,Soledad Police Department,https://www.cityofsoledad.com/2022/04/25/military-equipment-policy-and-ordinance/,
SB978-535,Sonoma County Sheriff's Office,https://static1.squarespace.com/static/542ec317e4b0d41ade8801fb/t/628d5f807e73be7919a8c8b7/1653432193010/Military_Equipment+5-24-22.pdf,
SB978-536,Sonoma Police Department,https://static1.squarespace.com/static/542ec317e4b0d41ade8801fb/t/628d5f807e73be7919a8c8b7/1653432193010/Military_Equipment+5-24-22.pdf,
SB978-537,Sonora Police Department,https://www.sonorapd.com/wp-content/uploads/2022/02/Military_Equipment-Policy.pdf,
SB978-538,South Gate Police Department,https://www.cityofsouthgate.org/files/sharedassets/public/departments/police/documents/military_equipment-02152022.pdf,
SB978-539,South Lake Tahoe Police Department,https://www.cityofslt.us/DocumentCenter/View/16581/02-POLICY---Military-Equipment--030122-complete,
SB978-540,South Pasadena Police Department,https://www.southpasadenaca.gov/home/showpublisheddocument/30458/637981381165570000,
SB978-541,South San Francisco Police Department,https://www.ssf.net/home/showpublisheddocument/26170/637861480174200000,
SB978-546,Stanislaus County Sheriff's Department,https://www.scsdonline.com/admin-forms.html?download=175:military-equipment-policy-forms,
SB978-548,Stockton Police Department,http://ww1.stocktonca.gov/-/media/Stockton-Website/Departments/Police-Homepage/About-the-Police-Department/General-Orders/2022-updates/30222-update/F-02a.pdf?la=en&hash=60A34B21E7AFCF44DFD604C8FE71CAB593A21AE3,
SB978-551,Suisun City Police Department,https://police.suisun.com/wp-content/uploads/2022/03/SCPD-Military-Equipment-Policy-Draft.pdf,
SB978-552,Sunnyvale Department of Public Safety,https://www.sunnyvale.ca.gov/home/showpublisheddocument/3292/637883869782870000,
SB978-556,Sutter County Sheriff's Department,https://www.suttersheriff.org/home/showpublisheddocument/5553/637883981428600000,https://www.suttercounty.org/home/showpublisheddocument/5557
SB978-558,Taft Police Department,https://www.cityoftaft.org/files/documents/MilitaryEquipmentPolicy1739015534051622PM.pdf,https://www.cityoftaft.org/files/documents/MilitaryEquipmentInventory1739020541051622PM.pdf
SB978-561,Tehama County Sheriff's Department,https://tehamaso.org/wp-content/uploads/2022/04/RELEASE_20220201_T181753_Tehama_County_SO_Policy_Manual.pdf,https://tehamaso.org/wp-content/uploads/2022/07/reportable-military-equipment-062122.pdf
SB978-563,Tiburon Police Department,https://www.townoftiburon.org/DocumentCenter/View/3712/Military_Equipment-Policy-May-reference-draft-OLD?bidId=,
SB978-564,Torrance Police Department,https://www.torranceca.gov/home/showpublisheddocument/75626/637934050962700000,
SB978-565,Tracy Police Department,https://www.cityoftracy.org/home/showpublisheddocument/12632,
SB978-570,Truckee Police Department,https://www.truckeepolice.com/wp-content/uploads/2022/04/Military-equipment-policy-032822-DRAFT-1.pdf,
SB978-573,Tulare County Sheriff's Department,https://tularecounty.ca.gov/sheriff/community/public-notices/ab-481-military-equipment-policy/,
SB978-574,Tulare Police Department,https://www.tulare.ca.gov/home/showpublisheddocument/18986/637868359405300000,
SB978-578,Turlock Police Department,https://www.cityofturlock.org/_pdf/sb978document.asp?id=52,https://www.cityofturlock.org/_pdf/sb978document.asp?id=51
SB978-579,Tustin Police Department,https://www.tustinca.org/DocumentCenter/View/7010/General-Order-708-Military-Equipment-Use---DRAFT-PDF?bidId=,
SB978-581,UC Berkeley Police Department,https://ucpd.berkeley.edu/sites/default/files/ucpd_ab_481_report_0.pdf,https://ucpd.berkeley.edu/sites/default/files/ab-481.pdf
SB978-582,UC Davis Police Department,https://ucdavis.box.com/s/0snzkk4l1nnuscfhiadxghg7xe2vrmue,https://police.uci.edu/how-do-i/_img/AB481-UC_Equip.pdf
SB978-583,UC Irvine Police Department,https://www.police.uci.edu/how-do-i/_img/AB481-draft.pdf,https://www.police.uci.edu/how-do-i/_img/AB481-UC_Equip.pdf
SB978-584,UC Los Angeles Police Department,https://ucla.app.box.com/v/706MilitaryEquipment,https://ucla.app.box.com/v/AB481UCEquipment
SB978-585,UC Merced Police Department,https://police.ucmerced.edu/sites/police.ucmerced.edu/files/documents/military_equipment_draft_policy_for_website.pdf,https://police.ucmerced.edu/sites/police.ucmerced.edu/files/documents/ab481-uc_equip.pdf
SB978-587,UC San Diego Police Department,https://police.ucsd.edu/_files/MilitaryEquipmentPolicy.pdf,
SB978-589,UC Santa Barbara Police Department,https://www.police.ucsb.edu/sites/default/files/Draft%20Military%20Equipment%20Policy%20V10%20Santa%20Barbara%20Final%208.16.22.pdf,https://www.police.ucsb.edu/sites/default/files/AB481-UC_Equip.pdf
SB978-590,UC Santa Cruz Police Department,https://police.ucsc.edu/report/policies/chapter-700/military_equipment_policy_710.pdf,https://police.ucsc.edu/ab481-equip.pdf
SB978-592,Union City Police Department,https://www.unioncity.org/DocumentCenter/View/8135/Final-approved-Military_Equipment-16-1,
SB978-597,Upland Police Department,https://www.uplandca.gov/uploads/files/Military_Equipment%20final%20draft(5).pdf,
SB978-598,Vacaville Police Department,https://www.ci.vacaville.ca.us/home/showpublisheddocument/20325/637862449845900000,
SB978-601,Ventura County Community College District Police Department,https://www.vcccd.edu/sites/default/files/media/pdf_document/2022/Military%20Equipment%20Policy%20704.pdf,
SB978-602,Ventura County District Attorney,https://www.vcdistrictattorney.com/wp-content/uploads/2022/03/Policy-703-Military-Equipment-word-DRAFT.pdf,
SB978-603,Ventura County Sheriff's Department,https://s29762.pcdn.co/wp-content/uploads/2022/06/Military_Equipment.pdf,
SB978-606,Vernon Police Department,https://view.officeapps.live.com/op/view.aspx?src=https%3A%2F%2Fwww.cityofvernon.org%2Fhome%2Fshowpublisheddocument%2F2239%2F637849120932670000&wdOrigin=BROWSELINK,
SB978-608,Visalia Police Department,https://www.visalia.city/documents/Police/Mandated%20Disclosures/708%20-%20Military_Equipment%20(Final)%20(002)-online.pdf,
SB978-609,Walnut Creek Police Department,https://www.walnut-creek.org/home/showpublisheddocument/27611/637842530037000000,https://www.walnut-creek.org/home/showpublisheddocument/27613/637842530082330000
SB978-610,Watsonville Police Department,https://www.cityofwatsonville.org/DocumentCenter/View/18444/DRAFT-Military-Equipment-Policy-and-Attachment,
SB978-611,Weed Police Department,https://www.ci.weed.ca.us/vertical/sites/%7BC0495501-9512-4786-A427-BAB3AEBDEA56%7D/uploads/WPD_Military_Equipment_policy(1).pdf,
SB978-613,West Covina Police Department,https://www.wcpd.org/wp-content/uploads/2022/07/20220708_West_Covina_PD_Policy_Manual_Redacted.pdf,
SB978-614,West Sacramento Police Department,https://www.cityofwestsacramento.org/home/showpublisheddocument/13263/637833771864828750,
SB978-615,West Valley-Mission Community College District Police Department,https://wvm.edu/services/police/Documents/Policy%20709%20Military_Equipment_BOT%20approved%206.21.22.pdf,https://wvm.edu/services/police/Documents/Current%20Equipment%20Category%20List_4.18.22.pdf
SB978-616,Westminster Police Department,https://www.westminster-ca.gov/home/showpublisheddocument/5135/637915155674300609,
SB978-618,Wheatland Police Department,http://www.wheatland.ca.gov/wp-content/uploads/RELEASE_20220705_T120950_Wheatland_PD_Policy_Manual.pdf,
SB978-620,Whittier Police Department,https://www.cityofwhittier.org/home/showpublisheddocument/6434/637861240116070000,https://www.cityofwhittier.org/home/showpublisheddocument/10088/637861239790870000
SB978-624,Winters Police Department,https://www.winterspolice.org/wp-content/uploads/2022/07/RELEASE_20220705_T165602_Winters_Police_Department_Policy_Manual.pdf,
SB978-626,Woodland Police Department,https://cityofwoodland.org/DocumentCenter/View/7793/Military-Equipment-Policy-706-DRAFT?bidId=,
SB978-629,Yreka Police Department,http://ci.yreka.ca.us/DocumentCenter/View/1192/Policy-706?bidId=,https://ci.yreka.ca.us/DocumentCenter/View/1205/Military-Equipment-Use-Policy
SB978-630,Yuba City Police Department,https://www.yubacity.net/common/pages/DisplayFile.aspx?itemId=18404650,
SB978-691,Orinda Police Department,NA,
